date,speaker,title,timestamp
2020-01-17,Vice Chair Randal K. Quarles,Bank Supervision,12:45:00-05:00
2020-01-16,Governor Michelle Bowman,The Outlook for Housing,10:00:00-05:00
2020-01-09,Speech - Vice Chair Richard H. Clarida,U.S. Economic Outlook and Monetary Policy,08:00:00-05:00
2020-01-08,Speech - Governor Lael Brainard,Modernizing the Community Reinvestment Act,10:00:00-05:00
2020-02-25,Vice Chair Richard H. Clarida,U.S. Economic Outlook and Monetary Policy,15:00:00-05:00
2020-02-21,Vice Chair Richard H. Clarida,Financial Markets and Monetary Policy: Is There a Hall of Mirrors Problem?,13:30:00-05:00
2020-02-21,Governor Lael Brainard,Monetary Policy for the Next Recession,10:15:00-05:00
2020-02-11,Vice Chair Randal K. Quarles,Bank Supervision,12:15:00-05:00
2020-02-10,Governor Michelle W. Bowman,Empowering Community Banks,08:15:00-05:00
2020-02-06,Vice Chair for Supervision Randal K. Quarles,Monetary Policy and Economic Outlook,19:15:00-05:00
2020-02-05,Governor Lael Brainard,Payment Innovation,16:10:00-05:00
2020-04-10,Vice Chair Randal K. Quarles,Banking System,13:15:00-04:00
2020-04-09,Chair Jerome H. Powell,Economic Update,10:00:00-04:00
2020-05-21,Chair Jerome H. Powell,Opening Remarks,14:30:00-04:00
2020-05-21,Vice Chair Richard H. Clarida,U.S. Economic Outlook and Monetary Policy,13:00:00-04:00
2020-05-13,Chair Jerome H. Powell,Current Economic Issues,09:00:00-04:00
2020-06-30,Discussion - Governor Lael Brainard,,11:05:00-04:00
2020-06-19,Discussion - Chair Jerome H. Powell,,13:00:00-04:00
2020-06-19,Speech - Vice Chair for Supervision Randal K. Quarles,Stress Testing,12:00:00-04:00
2020-06-16,Speech - Vice Chair Richard H. Clarida,U.S. Economic Outlook and Monetary Policy,18:30:00-04:00
2020-07-14,Speech - Governor Lael Brainard,Economic and Monetary Policy Outlook,14:00:00-04:00
2020-07-07,Speech - Vice Chair Randal K. Quarles,Financial Stability Board Remarks,13:00:00-04:00
2020-08-31,Vice Chair Richard H. Clarida,The Federal Reserve's New Monetary Policy Framework,09:00:00-04:00
2020-08-27,Chair Jerome H. Powell,Monetary Policy Framework Review,09:10:00-04:00
2020-08-13,Speech - Governor Lael Brainard,Technology Innovation,15:00:00-04:00
2020-08-06,Speech - Governor Lael Brainard,Instant Payments,12:00:00-04:00
2020-09-30,Governor Michelle Bowman,Community Banks Rise to the Challenge,13:40:00-04:00
2020-09-29,Vice Chair Randal K. Quarles,Financial Stability,15:00:00-04:00
2020-09-29,Vice Chair Randal K. Quarles,Financial Regulation,13:00:00-04:00
2020-09-29,Vice Chair Richard H. Clarida,Future Considerations for Treasury Market Resilience,11:40:00-04:00
2020-09-23,Vice Chair for Supervision Randal K. Quarles,Economic Outlook,14:00:00-04:00
2020-09-21,Governor Lael Brainard,Community Reinvestment Act,12:00:00-04:00
2020-09-01,Governor Lael Brainard,Monetary Policy Framework Review,13:00:00-04:00
2020-10-20,Governor Brainard,Community Reinvestment Act,15:00:00-04:00
2020-10-19,Chair Jerome H. Powell,Cross-Border Payments and Digital Currencies,08:00:00-04:00
2020-10-21,Governor Lael Brainard,Economic and Monetary Policy Outlook,08:50:00-04:00
2020-10-20,Vice Chair for Supervision Randal K. Quarles,Financial Stability Board Agenda,10:50:00-04:00
2020-10-19,Vice Chair Richard H. Clarida,U.S. Economic Outlook and Monetary Policy,11:45:00-04:00
2020-10-15,Vice Chair for Supervision Randal K. Quarles,Response to the COVID Event,11:00:00-04:00
2020-10-14,Vice Chair for Supervision Randal K. Quarles,Financial Regulation,15:00:00-04:00
2020-10-14,Vice Chair Richard H. Clarida,U.S. Economic Outlook and Monetary Policy,09:00:00-04:00
2020-10-06,Chair Jerome H. Powell,Economic Outlook,10:40:00-04:00
2020-10-01,Governor Michelle Bowman,The Important Role of Community Banks in Ensuring Equitable Mortgage Credit Access,15:00:00-04:00
2020-11-24,Vice Chair Richard H. Clarida,The Federal Reserve's New Framework,12:45:00-05:00
2020-11-19,Governor Miki Bowman,The Changing Structure of Mortgage Markets and Financial Stability,12:30:00-05:00
2020-11-17,Chair Jerome H. Powell,A Conversation with Alex Mehran,13:00:00-05:00
2020-11-17,Governor Lael Brainard,Strengthening Diversity and Inclusion in Economics,13:00:00-05:00
2020-11-16,Vice Chair Richard H. Clarida,U.S. Monetary Policy,14:00:00-05:00
2020-11-10,Governor Lael Brainard,Community Reinvestment Act Modernization,17:00:00-05:00
2020-12-18,Governor Lael Brainard,Climate Change and Financial Regulation,11:10:00-05:00
2020-12-11,Speech - Vice Chair for Supervision Randal K. Quarles,Bank Supervision,12:40:00-05:00
2020-12-04,Speech - Governor Miki Bowman,Community Banking and FinTech,10:00:00-05:00
2020-12-01,Discussion - Governor Lael Brainard,Community Reinvestment Act Modernization,12:00:00-05:00
